insert into subjects(subject_id,subject_name)
values
(1, 'Mathematics'),
(2, 'Physics'),
(3, 'Chemistry'),
(4, 'Biology'),
(5, 'English Literature'),
(6, 'History'),
(7, 'Geography'),
(8, 'Computer Science'),
(9, 'Art'),
(10, 'Music'),
(11, 'Physical Education'),
(12, 'French'),
(13, 'Spanish'),
(14, 'Philosophy'),
(15, 'Psychology'),
(16, 'Economics'),
(17, 'Business Studies'),
(18, 'Sociology'),
(19, 'Environmental Science'),
(20, 'Political Science'),
(21, 'Law'),
(22, 'Engineering'),
(23, 'Mathematical Economics'),
(24, 'Linguistics'),
(25, 'Astronomy'),
(26, 'Theology'),
(27, 'Journalism'),
(28, 'Sculpture'),
(29, 'Graphic Design'),
(30, 'Human Resources')
;
insert into teachers(teacher_id,first_name,last_name,subject_id)
values
(1, 'John', 'Doe',1),
(2, 'Jane', 'Smith',2),
(3, 'Emily', 'Johnson',3),
(4, 'Michael', 'Brown',4),
(5, 'Sarah', 'Davis',5),
(6, 'David', 'Wilson',6),
(7, 'Laura', 'Moore',7),
(8, 'Robert', 'Taylor',8),
(9, 'James', 'Anderson',9),
(10, 'Linda', 'Thomas',10),
(11, 'Patricia', 'Jackson',11),
(12, 'Christopher', 'White',12),
(13, 'Deborah', 'Harris',13),
(14, 'Charles', 'Martin',14),
(15, 'Mary', 'Lee',15),
(16, 'William', 'Clark',16),
(17, 'Elizabeth', 'Walker',17),
(18, 'Joseph', 'Allen',18),
(19, 'Karen', 'Young',19),
(20, 'Richard', 'King',20),
(21, 'Deborah', 'Wright',21),
(22, 'Steven', 'Scott',22),
(23, 'Jessica', 'Torres',23),
(24, 'Kenneth', 'Nguyen',24),
(25, 'George', 'Roberts',25),
(26, 'Ashley', 'Evans',26),
(27, 'Joshua', 'Green',27),
(28, 'Sophia', 'Adams',28),
(29, 'Daniel', 'Baker',29),
(30, 'Olivia', 'Nelson',30)
;
insert into classes(class_id,class_name,teacher_id)
values
(1, 'Math 101', 1),
(2, 'Physics 101', 2),
(3, 'Chemistry 101', 3),
(4, 'Biology 101', 4),
(5, 'English 101', 5),
(6, 'History 101', 6),
(7, 'Geography 101', 7),
(8, 'Computer Science 101', 8),
(9, 'Art 101', 9),
(10, 'Music 101', 10),
(11, 'PE 101', 11),
(12, 'French 101', 12),
(13, 'Spanish 101', 13),
(14, 'Philosophy 101', 14),
(15, 'Psychology 101', 15),
(16, 'Economics 101', 16),
(17, 'Business Studies 101', 17),
(18, 'Sociology 101', 18),
(19, 'Environmental Science 101', 19),
(20, 'Political Science 101', 20),
(21, 'Law 101', 21),
(22, 'Engineering 101', 22),
(23, 'Mathematical Economics 101', 23),
(24, 'Linguistics 101', 24),
(25, 'Astronomy 101', 25),
(26, 'Theology 101', 26),
(27, 'Journalism 101', 27),
(28, 'Sculpture 101', 28),
(29, 'Graphic Design 101', 29),
(30, 'Human Resources 101', 30)
;
insert into students(student_id,first_name,last_name,age,gender,class_id,subject_id)
values
(1, 'Alice', 'Johnson', 18, 'F', 1,28),
(2, 'Bob', 'Smith', 19, 'M', 2,29),
(3, 'Charlie', 'Brown', 20, 'M', 3,30),
(4, 'David', 'Williams', 21, 'M', 4,21),
(5, 'Eva', 'Davis', 19, 'F', 5,24),
(6, 'Frank', 'Miller', 18, 'M', 6,27),
(7, 'Grace', 'Taylor', 20, 'F', 7,25),
(8, 'Helen', 'Anderson', 22, 'F', 8,26),
(9, 'Ian', 'Thomas', 21, 'M', 9,22),
(10, 'Jack', 'Jackson', 18, 'M', 10,23),
(11, 'Kim', 'White', 19, 'F', 11,13),
(12, 'Laura', 'Harris', 20, 'F', 12,4),
(13, 'Mike', 'Martin', 22, 'M', 13,5),
(14, 'Nina', 'Lee', 21, 'F', 14,7),
(15, 'Oscar', 'Clark', 20, 'M', 15,9),
(16, 'Paul', 'Walker', 22, 'M', 16,27),
(17, 'Quinn', 'Allen', 19, 'M', 17,28),
(18, 'Rita', 'Young', 21, 'F', 18,19),
(19, 'Sam', 'King', 20, 'M', 19,10),
(20, 'Tina', 'Wright', 19, 'F', 20,15),
(21, 'Uma', 'Scott', 22, 'F', 21,17),
(22, 'Vera', 'Torres', 20, 'F', 22,18),
(23, 'Will', 'Nguyen', 19, 'M', 23,15),
(24, 'Xander', 'Roberts', 18, 'M', 24,1),
(25, 'Yara', 'Evans', 22, 'F', 25,1),
(26, 'Zoe', 'Green', 21, 'F', 26,1),
(27, 'Adam', 'Adams', 18, 'M', 27,6),
(28, 'Bella', 'Baker', 20, 'F', 28,7),
(29, 'Clyde', 'Nelson', 21, 'M', 29,19),
(30, 'Diana', 'Morgan', 19, 'F', 30,27)
;
insert into enrollments(enrollment_id,student_id,subject_id,class_id,enrollment_date)
values
(1, 1, 28, 1, '2024-09-01'),
(2, 2, 29, 2, '2024-09-01'),
(3, 3, 30, 3, '2024-09-02'),
(4, 4, 21, 4, '2024-09-02'),
(5, 5, 24, 5, '2024-09-03'),
(6, 6, 27, 6, '2024-09-03'),
(7, 7, 25, 7, '2024-09-04'),
(8, 8, 26, 8, '2024-09-04'),
(9, 9, 22, 9, '2024-09-05'),
(10, 10, 23, 10, '2024-09-05'),
(11, 11, 13, 11, '2024-09-06'),
(12, 12, 4, 12, '2024-09-06'),
(13, 13, 5, 13, '2024-09-07'),
(14, 14, 7, 14, '2024-09-07'),
(15, 15, 9, 15, '2024-09-08'),
(16, 16, 27, 16, '2024-09-08'),
(17, 17, 28, 17, '2024-09-09'),
(18, 18, 19, 18, '2024-09-09'),
(19, 19, 10, 19, '2024-09-10'),
(20, 20, 15, 20, '2024-09-10'),
(21, 21, 17, 21, '2024-09-11'),
(22, 22, 18, 22, '2024-09-11'),
(23, 23, 15, 23, '2024-09-12'),
(24, 24, 1, 24, '2024-09-12'),
(25, 25, 1, 25, '2024-09-13'),
(26, 26, 1, 26, '2024-09-13'),
(27, 27, 6, 27, '2024-09-13'),
(28, 28, 7, 28, '2024-09-13'),
(29, 29, 19, 29, '2024-09-13'),
(30, 30, 27, 30, '2024-09-16')
;
